--
-- Dumping data for table `core_admin_right`
--

/*!40000 ALTER TABLE `core_admin_right` DISABLE KEYS */;
INSERT INTO `core_admin_right` (`id_right`,`name`,`level`,`admin_url`,`description`,`is_updatable`,`plugin_name`,`id_feature_group`,`icon_url`) VALUES 
('DOCUMENT_TYPES_MANAGEMENT','document.adminFeature.document_types_management.name',1,'jsp/admin/plugins/document/ManageDocumentTypes.jsp','document.adminFeature.document_types_management.description',0,'document','CONTENT','images/admin/skin/plugins/document/manage_document_types.png'),
('DOCUMENT_MANAGEMENT','document.adminFeature.documents_management.name',3,'jsp/admin/plugins/document/ManageDocuments.jsp','document.adminFeature.documents_management.description',0,'document','CONTENT','images/admin/skin/plugins/document/manage_documents.png'),
('DOCUMENT_RULES_MANAGEMENT','document.adminFeature.rules_management.name',1,'jsp/admin/plugins/document/ManageRules.jsp','document.adminFeature.rules_management.description',0,'document','CONTENT','images/admin/skin/plugins/document/manage_rules.png'),
('DOCUMENT_CATEGORY_MANAGEMENT','document.adminFeature.category_management.name',1,'jsp/admin/plugins/document/ManageCategory.jsp','document.adminFeature.category_management.description',0,'document','CONTENT','images/admin/skin/plugins/document/manage_category.png');
/*!40000 ALTER TABLE `core_admin_right` ENABLE KEYS */;


--
-- Dumping data for table `core_admin_role`
--

/*!40000 ALTER TABLE `core_admin_role` DISABLE KEYS */;
INSERT INTO `core_admin_role` (`role_key`,`role_description`) VALUES 
 ('view_spaces_all','Vue sur tous les espaces'),
 ('manage_spaces','Gestion des espaces de documents'),
 ('view_space_work','Vue sur l\'espace de travail'),
 ('view_spaces_multimedia','Vue sur les espaces multimedia'),
 ('content_contributor','Producteur de contenu'),
 ('content_validator','Validateur de contenu'),
 ('content_publisher','Gestionnaire de publication'),
 ('view_space_validation','Vue sur l\'espace de validation'),
 ('comment','Modération des commentaires d\'articles');
/*!40000 ALTER TABLE `core_admin_role` ENABLE KEYS */;


/*!40000 ALTER TABLE `core_admin_role_resource` DISABLE KEYS */;
INSERT INTO `core_admin_role_resource` (`rbac_id`,`role_key`,`resource_type`,`resource_id`,`permission`) VALUES 
 (87,'view_spaces_multimedia','DOCUMENT_SPACE','5','VIEW'),
 (86,'view_space_work','DOCUMENT_SPACE','2','VIEW'),
 (85,'manage_spaces','DOCUMENT_SPACE','*','CREATE'),
 (84,'manage_spaces','DOCUMENT_SPACE','*','MOVE'),
 (83,'manage_spaces','DOCUMENT_SPACE','*','MODIFY'),
 (82,'manage_spaces','DOCUMENT_SPACE','*','DELETE'),
 (81,'view_spaces_all','DOCUMENT_SPACE','0','VIEW'),
 (78,'super_admin','DOCUMENT_TYPE','*','*'),
 (88,'content_contributor','DOCUMENT_TYPE','*','SUBMIT'),
 (89,'content_contributor','DOCUMENT_TYPE','*','DELETE'),
 (90,'content_contributor','DOCUMENT_TYPE','*','MODIFY'),
 (91,'content_contributor','DOCUMENT_TYPE','*','VIEW'),
 (92,'content_contributor','DOCUMENT_TYPE','*','VIEW_HISTORY'),
 (93,'content_contributor','DOCUMENT_TYPE','*','CREATE'),
 (94,'content_validator','DOCUMENT_TYPE','*','VIEW'),
 (95,'content_validator','DOCUMENT_TYPE','*','VIEW_HISTORY'),
 (96,'content_validator','DOCUMENT_TYPE','*','VALIDATE'),
 (97,'content_publisher','DOCUMENT_TYPE','*','ARCHIVE'),
 (98,'content_publisher','DOCUMENT_TYPE','*','VIEW'),
 (99,'content_publisher','DOCUMENT_TYPE','*','VIEW_HISTORY'),
 (100,'content_publisher','DOCUMENT_TYPE','*','PUBLISH'),
 (102,'view_space_validation','DOCUMENT_SPACE','3','VIEW'),
 (106,'comment','DOCUMENT_TYPE','*','COMMENT'),
 (107,'content_contributor','DOCUMENT_TYPE','*','CHANGE');
/*!40000 ALTER TABLE `core_admin_role_resource` ENABLE KEYS */;


--
-- Dumping data for table `core_portlet_type`
--

/*!40000 ALTER TABLE `core_portlet_type` DISABLE KEYS */;
INSERT INTO `core_portlet_type` (`id_portlet_type`,`name`,`url_creation`,`url_update`,`home_class`,`plugin_name`,`url_docreate`,`create_script`,`create_specific`,`create_specific_form`,`url_domodify`,`modify_script`,`modify_specific`,`modify_specific_form`) VALUES 
 ('DOCUMENT_PORTLET','document.portlet.name','plugins/document/CreatePortletDocument.jsp','plugins/document/ModifyPortletDocument.jsp','fr.paris.lutece.plugins.document.business.portlet.DocumentListPortletHome','document','plugins/document/DoCreatePortletDocument.jsp','/admin/portlet/script_create_portlet.html','/admin/plugins/document/portlet/portlet_document_type.html','','plugins/document/DoModifyPortletDocument.jsp','/admin/portlet/script_modify_portlet.html','/admin/plugins/document/portlet/portlet_document_type.html','');
/*!40000 ALTER TABLE `core_portlet_type` ENABLE KEYS */;


--
-- Dumping data for table `core_style`
--

/*!40000 ALTER TABLE `core_style` DISABLE KEYS */;
INSERT INTO `core_style` (`id_style`,`description_style`,`id_portlet_type`,`id_portal_component`) VALUES 
 (1700,'Défaut','DOCUMENT_PORTLET',0),
 (1701,'Type Actor','DOCUMENT_PORTLET',0),
 (1702,'Type Brève','DOCUMENT_PORTLET',0),
 (1703,'Type Article','DOCUMENT_PORTLET',0),
 (1704,'Type Image','DOCUMENT_PORTLET',0),
 (1705,'Type Video','DOCUMENT_PORTLET',0),
 (1706,'Type Pdf','DOCUMENT_PORTLET',0),
 (1707,'Type Son','DOCUMENT_PORTLET',0),
 (1708,'Type Actor Service','DOCUMENT_PORTLET',0);
/*!40000 ALTER TABLE `core_style` ENABLE KEYS */;

--
-- Dumping data for table `core_style_mode_stylesheet`
--

/*!40000 ALTER TABLE `core_style_mode_stylesheet` DISABLE KEYS */;
INSERT INTO `core_style_mode_stylesheet` (`id_style`,`id_mode`,`id_stylesheet`) VALUES 
 (1700,0,298),
 (1701,0,297),
 (1702,0,299),
 (1703,0,300),
 (1704,0,304),
 (1705,0,303),
 (1706,0,302),
 (1707,0,301),
 (1708,0,305);
/*!40000 ALTER TABLE `core_style_mode_stylesheet` ENABLE KEYS */;



--
-- Dumping data for table `core_stylesheet`
--

/*!40000 ALTER TABLE `core_stylesheet` DISABLE KEYS */;
INSERT INTO `core_stylesheet` (`id_stylesheet`,`description`,`file_name`,`source`) VALUES 
 (297,'Rubrique Liste de Documents - Type Acteur','portlet_document_actor_list.xsl',0x3C3F786D6C2076657273696F6E3D22312E30223F3E0D0A3C78736C3A7374796C6573686565742076657273696F6E3D22312E302220786D6C6E733A78736C3D22687474703A2F2F7777772E77332E6F72672F313939392F58534C2F5472616E73666F726D223E0D0A0D0A3C78736C3A706172616D206E616D653D22736974652D70617468222073656C6563743D22736974652D7061746822202F3E0D0A3C78736C3A7661726961626C65206E616D653D22706F72746C65742D6964222073656C6563743D22706F72746C65742F706F72746C65742D696422202F3E0D0A0D0A3C78736C3A74656D706C617465206D617463683D22706F72746C6574223E0D0A093C64697620636C6173733D22706F72746C65742D6261636B67726F756E642D636F6C6F72656422203E0D0A20202020202020203C78736C3A696620746573743D226E6F7428737472696E6728646973706C61792D706F72746C65742D7469746C65293D27312729223E0D0A0909093C683320636C6173733D22706F72746C65742D6261636B67726F756E642D636F6C6F7265642D686561646572223E0D0A090909093C78736C3A76616C75652D6F662064697361626C652D6F75747075742D6573636170696E673D22796573222073656C6563743D22706F72746C65742D6E616D6522202F3E0D0A0909093C2F68333E0D0A20202020202020203C2F78736C3A69663E0D0A09093C64697620636C6173733D22706F72746C65742D6261636B67726F756E642D636F6C6F7265642D636F6E74656E7422203E0D0A090920202020203C756C3E20202020202020200D0A20202020202020202020202020202020203C78736C3A6170706C792D74656D706C617465732073656C6563743D22646F63756D656E742D6C6973742D706F72746C65742F646F63756D656E7422202F3E090D0A2020202020202020202020203C2F756C3E20200D0A09093C2F6469763E202020202020202020202020090D0A093C2F6469763E0D0A3C2F78736C3A74656D706C6174653E0D0A0D0A0D0A3C78736C3A74656D706C617465206D617463683D22646F63756D656E74223E2020202020200D0A202020203C6C69207374796C653D226C6973742D7374796C653A6E6F6E653B223E200D0A20202020202020203C78736C3A696620746573743D226E6F7428737472696E6728646F63756D656E742D786D6C2D636F6E74656E74293D276E756C6C2729223E0D0A202020202020202020202020203C7461626C652077696474683D22393025222073756D6D6172793D22646F63756D656E74223E200D0A20202020202020202020202020202020203C74723E0D0A2020202020202020202020202020202020202020203C7464202077696474683D22363525223E2020200D0A202020202020202020202020202020202020202020202020203C6120687265663D227B24736974652D706174687D3F646F63756D656E745F69643D7B646F63756D656E742D69647D262333383B706F72746C65745F69643D7B24706F72746C65742D69647D22207461726765743D225F746F70223E2020202020200D0A20202020202020202020202020202020202020202020202020202020203C78736C3A76616C75652D6F662064697361626C652D6F75747075742D6573636170696E673D22796573222073656C6563743D22646F63756D656E742D786D6C2D636F6E74656E742F6163746F722F6163746F722D66697273746E616D6522202F3E26233136303B3C78736C3A76616C75652D6F662064697361626C652D6F75747075742D6573636170696E673D22796573222073656C6563743D22646F63756D656E742D786D6C2D636F6E74656E742F6163746F722F6163746F722D6C6173746E616D6522202F3E0D0A202020202020202020202020202020202020202020202020203C2F613E0D0A20202020202020202020202020202020202020203C2F74643E0D0A20202020202020202020202020202020202020203C7464202077696474683D22333525223E0D0A2020202020202020202020202020202020202020202020203C78736C3A6170706C792D74656D706C617465732073656C6563743D22646F63756D656E742D786D6C2D636F6E74656E742F6163746F722F6163746F722D70686F746F2F66696C652D7265736F7572636522202F3E0D0A202020202020202020202020202020202020203C2F74643E0D0A202020202020202020202020202020203C2F74723E202020200D0A2020202020202020202020203C2F7461626C653E200D0A20202020202020203C2F78736C3A69663E0D0A202020203C2F6C693E20202020202020200D0A3C2F78736C3A74656D706C6174653E20202020202020202020202020200D0A090D0A0D0A3C78736C3A74656D706C617465206D617463683D2266696C652D7265736F75726365223E0D0A093C78736C3A63686F6F73653E0D0A09093C78736C3A7768656E20746573743D22287265736F757263652D636F6E74656E742D747970653D27696D6167652F6A70656727206F72207265736F757263652D636F6E74656E742D747970653D27696D6167652F6A706727206F7220207265736F757263652D636F6E74656E742D747970653D27696D6167652F706A70656727206F72207265736F757263652D636F6E74656E742D747970653D27696D6167652F67696627206F72207265736F757263652D636F6E74656E742D747970653D27696D6167652F706E67272922203E0D0A0909093C696D67207372633D22646F63756D656E743F69643D7B7265736F757263652D646F63756D656E742D69647D26616D703B69645F6174747269627574653D7B7265736F757263652D6174747269627574652D69647D2220616C743D222220616C69676E3D227269676874222077696474683D22343022206865696768743D223430222F3E0D0A09093C2F78736C3A7768656E3E0D0A09093C78736C3A6F74686572776973653E0D0A202020202020202020202020203C6120687265663D22646F63756D656E743F69643D7B7265736F757263652D646F63756D656E742D69647D26616D703B69645F6174747269627574653D7B7265736F757263652D6174747269627574652D69647D223E200D0A0909092020203C696D67207372633D22696D616765732F61646D696E2F736B696E2F706C7567696E732F646F63756D656E742F66696C6574797065732F66696C652E706E672220626F726465723D22302220616C743D222220616C69676E3D227269676874222077696474683D22343022206865696768743D223430222F3E0D0A202020202020202020202020203C2F613E0D0A09093C2F78736C3A6F74686572776973653E20202020202020200D0A093C2F78736C3A63686F6F73653E0D0A3C2F78736C3A74656D706C6174653E0D0A0D0A3C2F78736C3A7374796C6573686565743E0D0A),
 (298,'Rubrique Liste de Documents - Défaut','portlet_document_list.xsl',0x3C3F786D6C2076657273696F6E3D22312E30223F3E0D0A3C78736C3A7374796C6573686565742076657273696F6E3D22312E302220786D6C6E733A78736C3D22687474703A2F2F7777772E77332E6F72672F313939392F58534C2F5472616E73666F726D223E0D0A0D0A3C78736C3A706172616D206E616D653D22736974652D70617468222073656C6563743D22736974652D7061746822202F3E0D0A3C78736C3A7661726961626C65206E616D653D22706F72746C65742D6964222073656C6563743D22706F72746C65742F706F72746C65742D696422202F3E0D0A202020200D0A3C78736C3A74656D706C617465206D617463683D22706F72746C6574223E0D0A202020203C64697620636C6173733D22706F72746C65742D6261636B67726F756E642D636F6C6F72656422203E0D0A20202020202020203C78736C3A696620746573743D226E6F7428737472696E6728646973706C61792D706F72746C65742D7469746C65293D27312729223E0D0A2020202020202020202020203C683320636C6173733D22706F72746C65742D6261636B67726F756E642D636F6C6F7265642D686561646572223E0D0A202020202020202020202020202020203C78736C3A76616C75652D6F662064697361626C652D6F75747075742D6573636170696E673D22796573222073656C6563743D22706F72746C65742D6E616D6522202F3E0D0A2020202020202020202020203C2F68333E0D0A20202020202020203C2F78736C3A69663E0D0A093C64697620636C6173733D22706F72746C65742D6261636B67726F756E642D636F6C6F7265642D636F6E74656E7422203E0D0A2020202020202020202020203C78736C3A6170706C792D74656D706C617465732073656C6563743D22646F63756D656E742D6C6973742D706F72746C657422202F3E0D0A093C2F6469763E0D0A202020203C2F6469763E0D0A3C2F78736C3A74656D706C6174653E0D0A0D0A0D0A3C78736C3A74656D706C617465206D617463683D22646F63756D656E742D6C6973742D706F72746C6574223E0D0A202020203C756C3E0D0A20202020202020203C78736C3A6170706C792D74656D706C617465732073656C6563743D22646F63756D656E7422202F3E0D0A202020203C2F756C3E0D0A3C2F78736C3A74656D706C6174653E0D0A0D0A0D0A3C78736C3A74656D706C617465206D617463683D22646F63756D656E74223E0D0A202020203C6C693E0D0A20202020202020203C6120687265663D227B24736974652D706174687D3F646F63756D656E745F69643D7B646F63756D656E742D69647D262333383B706F72746C65745F69643D7B24706F72746C65742D69647D22207461726765743D225F746F70223E0D0A2020202020202020202020203C78736C3A666F722D656163682073656C6563743D2264657363656E64616E743A3A2A223E0D0A202020202020202020202020202020203C78736C3A76616C75652D6F662073656C6563743D22646F63756D656E742D7469746C6522202F3E0D0A20202020202020202020203C2F78736C3A666F722D656163683E0D0A093C2F613E20202020202020202020200D0A20202020202020202020203C6272202F3E0D0A2020202020202020202020203C78736C3A666F722D656163682073656C6563743D2264657363656E64616E743A3A2A223E0D0A202020202020202020202020202020203C78736C3A76616C75652D6F662073656C6563743D22646F63756D656E742D73756D6D61727922202F3E0D0A2020202020202020202020203C2F78736C3A666F722D656163683E202020202020202020202020202020200D0A202020203C2F6C693E0D0A3C2F78736C3A74656D706C6174653E0D0A0D0A0D0A3C2F78736C3A7374796C6573686565743E0D0A0D0A);
INSERT INTO `core_stylesheet` (`id_stylesheet`,`description`,`file_name`,`source`) VALUES 
 (299,'Rubrique Liste de Documents - Type Brève','portlet_document_shortarticle_list.xsl',0x3C3F786D6C2076657273696F6E3D22312E30223F3E0D0A3C78736C3A7374796C6573686565742076657273696F6E3D22312E302220786D6C6E733A78736C3D22687474703A2F2F7777772E77332E6F72672F313939392F58534C2F5472616E73666F726D223E0D0A0D0A3C78736C3A706172616D206E616D653D22736974652D70617468222073656C6563743D22736974652D7061746822202F3E0D0A3C78736C3A7661726961626C65206E616D653D22706F72746C65742D6964222073656C6563743D22706F72746C65742F706F72746C65742D696422202F3E0D0A0D0A3C78736C3A74656D706C617465206D617463683D22706F72746C6574223E0D0A202020203C64697620636C6173733D22706F72746C65742D6261636B67726F756E642D636F6C6F72656422203E0D0A20202020202020203C78736C3A696620746573743D226E6F7428737472696E6728646973706C61792D706F72746C65742D7469746C65293D27312729223E0D0A2020202020202020202020203C683320636C6173733D22706F72746C65742D6261636B67726F756E642D636F6C6F7265642D686561646572223E0D0A202020202020202020202020202020203C78736C3A76616C75652D6F662064697361626C652D6F75747075742D6573636170696E673D22796573222073656C6563743D22706F72746C65742D6E616D6522202F3E0D0A2020202020202020202020203C2F68333E0D0A20202020202020203C2F78736C3A69663E0D0A093C64697620636C6173733D22706F72746C65742D6261636B67726F756E642D636F6C6F7265642D636F6E74656E7422203E0D0A2020202020202020202020203C756C3E0D0A202020202020202020202020202020203C78736C3A6170706C792D74656D706C617465732073656C6563743D22646F63756D656E742D6C6973742D706F72746C65742F646F63756D656E7422202F3E0D0A2020202020202020202020203C2F756C3E0D0A093C2F6469763E0D0A202020203C2F6469763E0D0A3C2F78736C3A74656D706C6174653E0D0A0D0A0D0A3C78736C3A74656D706C617465206D617463683D22646F63756D656E74223E2020202020200D0A202020203C78736C3A696620746573743D226E6F7428737472696E6728646F63756D656E742D786D6C2D636F6E74656E74293D276E756C6C2729223E200D0A20202020202020203C7374726F6E673E0D0A2020202020202020202020203C78736C3A666F722D656163682073656C6563743D2264657363656E64616E743A3A2A223E2020200D0A202020202020202020202020202020203C78736C3A76616C75652D6F662073656C6563743D22646F63756D656E742D7469746C6522202F3E0D0A2020202020202020202020203C2F78736C3A666F722D656163683E202020200D0A20202020202020203C2F7374726F6E673E0D0A20202020202020203C6272202F3E0D0A20202020202020203C78736C3A666F722D656163682073656C6563743D2264657363656E64616E743A3A2A223E20202020202020202020200D0A2020202020202020202020203C78736C3A76616C75652D6F662073656C6563743D22646F63756D656E742D73756D6D61727922202F3E20202020202020202020202020202020200D0A2020202020202020203C2F78736C3A666F722D656163683E20200D0A2020202020202020203C6272202F3E3C6272202F3E0D0A202020203C2F78736C3A69663E0D0A3C2F78736C3A74656D706C6174653E20202020202020202020202020200D0A090D0A0D0A3C2F78736C3A7374796C6573686565743E0D0A0D0A),
 (300,'Rubrique Liste de Documents - Type Article','portlet_document_article_list.xsl',0x3C3F786D6C2076657273696F6E3D22312E30223F3E0D0A3C78736C3A7374796C6573686565742076657273696F6E3D22312E302220786D6C6E733A78736C3D22687474703A2F2F7777772E77332E6F72672F313939392F58534C2F5472616E73666F726D223E0D0A0D0A3C78736C3A706172616D206E616D653D22736974652D70617468222073656C6563743D22736974652D7061746822202F3E0D0A3C78736C3A7661726961626C65206E616D653D22706F72746C65742D6964222073656C6563743D22706F72746C65742F706F72746C65742D696422202F3E0D0A0D0A3C78736C3A74656D706C617465206D617463683D22706F72746C6574223E0D0A202020203C64697620636C6173733D22706F72746C65742D6261636B67726F756E642D636F6C6F72656422203E0D0A20202020202020203C78736C3A696620746573743D226E6F7428737472696E6728646973706C61792D706F72746C65742D7469746C65293D27312729223E0D0A2020202020202020202020203C683320636C6173733D22706F72746C65742D6261636B67726F756E642D636F6C6F7265642D686561646572223E0D0A202020202020202020202020202020203C78736C3A76616C75652D6F662064697361626C652D6F75747075742D6573636170696E673D22796573222073656C6563743D22706F72746C65742D6E616D6522202F3E0D0A2020202020202020202020203C2F68333E0D0A20202020202020203C2F78736C3A69663E0D0A093C64697620636C6173733D22706F72746C65742D6261636B67726F756E642D636F6C6F7265642D636F6E74656E7422203E0D0A2020202020202020202020203C756C3E20200D0A202020202020202020202020202020203C78736C3A6170706C792D74656D706C617465732073656C6563743D22646F63756D656E742D6C6973742D706F72746C65742F646F63756D656E7422202F3E0D0A2020202020202020202020203C2F756C3E20200D0A093C2F6469763E0D0A202020203C2F6469763E0D0A3C2F78736C3A74656D706C6174653E0D0A0D0A0D0A3C78736C3A74656D706C617465206D617463683D22646F63756D656E74223E2020202020200D0A3C78736C3A696620746573743D226E6F7428737472696E6728646F63756D656E742D786D6C2D636F6E74656E74293D276E756C6C2729223E0D0A202020203C6C693E0D0A20202020202020203C6120687265663D227B24736974652D706174687D3F646F63756D656E745F69643D7B646F63756D656E742D69647D262333383B706F72746C65745F69643D7B24706F72746C65742D69647D22207461726765743D225F746F70223E200D0A2020202020202020202020203C78736C3A666F722D656163682073656C6563743D2264657363656E64616E743A3A2A223E2020200D0A202020202020202020202020202020203C78736C3A76616C75652D6F662073656C6563743D22646F63756D656E742D7469746C6522202F3E0D0A2020202020202020202020203C2F78736C3A666F722D656163683E202020200D0A20202020202020203C2F613E0D0A20202020202020203C6272202F3E0D0A20202020202020203C78736C3A666F722D656163682073656C6563743D2264657363656E64616E743A3A2A223E20202020202020202020200D0A2020202020202020202020203C78736C3A76616C75652D6F662073656C6563743D22646F63756D656E742D73756D6D61727922202F3E20202020202020202020202020202020200D0A20202020202020203C2F78736C3A666F722D656163683E20200D0A202020203C2F6C693E0D0A3C2F78736C3A69663E0D0A3C2F78736C3A74656D706C6174653E20202020202020202020202020200D0A0D0A0D0A3C2F78736C3A7374796C6573686565743E0D0A0D0A);
INSERT INTO `core_stylesheet` (`id_stylesheet`,`description`,`file_name`,`source`) VALUES 
 (301,'Rubrique Liste de Documents - Type Son','portlet_document_sound_list.xsl',0x3C3F786D6C2076657273696F6E3D22312E30223F3E0D0A3C78736C3A7374796C6573686565742076657273696F6E3D22312E302220786D6C6E733A78736C3D22687474703A2F2F7777772E77332E6F72672F313939392F58534C2F5472616E73666F726D223E0D0A0D0A3C78736C3A706172616D206E616D653D22736974652D70617468222073656C6563743D22736974652D7061746822202F3E0D0A3C78736C3A7661726961626C65206E616D653D22706F72746C65742D6964222073656C6563743D22706F72746C65742F706F72746C65742D696422202F3E0D0A0D0A3C78736C3A74656D706C617465206D617463683D22706F72746C6574223E0D0A093C64697620636C6173733D22706F72746C65742D6261636B67726F756E642D636F6C6F72656422203E0D0A20202020202020203C78736C3A696620746573743D226E6F7428737472696E6728646973706C61792D706F72746C65742D7469746C65293D27312729223E0D0A0909093C683320636C6173733D22706F72746C65742D6261636B67726F756E642D636F6C6F7265642D686561646572223E0D0A090909093C78736C3A76616C75652D6F662064697361626C652D6F75747075742D6573636170696E673D22796573222073656C6563743D22706F72746C65742D6E616D6522202F3E0D0A0909093C2F68333E0D0A20202020202020203C2F78736C3A69663E0D0A09093C64697620636C6173733D22706F72746C65742D6261636B67726F756E642D636F6C6F7265642D636F6E74656E7422203E0D0A090920202020203C756C3E0D0A202020202009202020202020203C78736C3A6170706C792D74656D706C617465732073656C6563743D22646F63756D656E742D6C6973742D706F72746C65742F646F63756D656E7422202F3E0D0A20202020200920202020203C2F756C3E20200D0A09093C2F6469763E0D0A093C2F6469763E0D0A3C2F78736C3A74656D706C6174653E0D0A0D0A0D0A3C78736C3A74656D706C617465206D617463683D22646F63756D656E74223E2020202020200D0A3C78736C3A696620746573743D226E6F7428737472696E6728646F63756D656E742D786D6C2D636F6E74656E74293D276E756C6C2729223E0D0A202020203C6C693E0D0A20202020202020203C6120687265663D227B24736974652D706174687D3F646F63756D656E745F69643D7B646F63756D656E742D69647D26616D703B706F72746C65745F69643D7B24706F72746C65742D69647D22207461726765743D225F746F70223E2020202020200D0A202020202020202020202020203C78736C3A76616C75652D6F662073656C6563743D22646F63756D656E742D786D6C2D636F6E74656E742F736F756E642F736F756E642D7469746C6522202F3E2020200D0A202020202020203C2F613E0D0A202020202020203C6272202F3E0D0A202020202020202020203C78736C3A76616C75652D6F662073656C6563743D22646F63756D656E742D786D6C2D636F6E74656E742F736F756E642F736F756E642D66696C6522202F3E0D0A202020202020203C6272202F3E0D0A202020202020202020203C78736C3A76616C75652D6F662073656C6563743D22646F63756D656E742D786D6C2D636F6E74656E742F736F756E642F736F756E642D617574686F7222202F3E0D0A2020203C2F6C693E202020202020200D0A3C2F78736C3A69663E0D0A3C2F78736C3A74656D706C6174653E20202020202020202020202020200D0A090D0A0D0A3C2F78736C3A7374796C6573686565743E0D0A0D0A0D0A),
 (302,'Rubrique Liste de Documents - Type Pdf','portlet_document_pdf_list.xsl',0x3C3F786D6C2076657273696F6E3D22312E30223F3E0D0A3C78736C3A7374796C6573686565742076657273696F6E3D22312E302220786D6C6E733A78736C3D22687474703A2F2F7777772E77332E6F72672F313939392F58534C2F5472616E73666F726D223E0D0A0D0A3C78736C3A706172616D206E616D653D22736974652D70617468222073656C6563743D22736974652D7061746822202F3E0D0A3C78736C3A7661726961626C65206E616D653D22706F72746C65742D6964222073656C6563743D22706F72746C65742F706F72746C65742D696422202F3E0D0A0D0A3C78736C3A74656D706C617465206D617463683D22706F72746C6574223E0D0A093C64697620636C6173733D22706F72746C65742D6261636B67726F756E642D636F6C6F72656422203E0D0A20202020202020203C78736C3A696620746573743D226E6F7428737472696E6728646973706C61792D706F72746C65742D7469746C65293D27312729223E0D0A0909093C683320636C6173733D22706F72746C65742D6261636B67726F756E642D636F6C6F7265642D686561646572223E0D0A090909093C78736C3A76616C75652D6F662064697361626C652D6F75747075742D6573636170696E673D22796573222073656C6563743D22706F72746C65742D6E616D6522202F3E0D0A0909093C2F68333E0D0A20202020202020203C2F78736C3A69663E0D0A09093C64697620636C6173733D22706F72746C65742D6261636B67726F756E642D636F6C6F7265642D636F6E74656E7422203E0D0A090920202020203C756C3E0D0A20202020202020202009202020202020203C78736C3A6170706C792D74656D706C617465732073656C6563743D22646F63756D656E742D6C6973742D706F72746C65742F646F63756D656E7422202F3E0D0A202020202020202020202020203C2F756C3E20200D0A09093C2F6469763E0D0A093C2F6469763E0D0A3C2F78736C3A74656D706C6174653E0D0A0D0A0D0A3C78736C3A74656D706C617465206D617463683D22646F63756D656E74223E2020202020200D0A3C78736C3A696620746573743D226E6F7428737472696E6728646F63756D656E742D786D6C2D636F6E74656E74293D276E756C6C2729223E0D0A202020203C6C693E0D0A20202020202020203C6120687265663D227B24736974652D706174687D3F646F63756D656E745F69643D7B646F63756D656E742D69647D26616D703B706F72746C65745F69643D7B24706F72746C65742D69647D22207461726765743D225F746F70223E2020202020200D0A202020202020202020202020203C78736C3A76616C75652D6F662073656C6563743D22646F63756D656E742D786D6C2D636F6E74656E742F7064662F7064662D6465736372697074696F6E22202F3E2020200D0A202020202020203C2F613E0D0A202020203C2F6C693E0D0A3C2F78736C3A69663E0D0A3C2F78736C3A74656D706C6174653E20202020202020202020202020200D0A0D0A0D0A3C2F78736C3A7374796C6573686565743E0D0A0D0A);
INSERT INTO `core_stylesheet` (`id_stylesheet`,`description`,`file_name`,`source`) VALUES 
 (303,'Rubrique Liste de Documents - Type Video','portlet_document_video_list.xsl',0x3C3F786D6C2076657273696F6E3D22312E30223F3E0D0A3C78736C3A7374796C6573686565742076657273696F6E3D22312E302220786D6C6E733A78736C3D22687474703A2F2F7777772E77332E6F72672F313939392F58534C2F5472616E73666F726D223E0D0A0D0A3C78736C3A706172616D206E616D653D22736974652D70617468222073656C6563743D22736974652D7061746822202F3E0D0A3C78736C3A7661726961626C65206E616D653D22706F72746C65742D6964222073656C6563743D22706F72746C65742F706F72746C65742D696422202F3E0D0A0D0A3C78736C3A74656D706C617465206D617463683D22706F72746C6574223E0D0A093C64697620636C6173733D22706F72746C65742D6261636B67726F756E642D636F6C6F72656422203E0D0A20202020202020203C78736C3A696620746573743D226E6F7428737472696E6728646973706C61792D706F72746C65742D7469746C65293D27312729223E0D0A0909093C683320636C6173733D22706F72746C65742D6261636B67726F756E642D636F6C6F7265642D686561646572223E0D0A090909093C78736C3A76616C75652D6F662064697361626C652D6F75747075742D6573636170696E673D22796573222073656C6563743D22706F72746C65742D6E616D6522202F3E0D0A0909093C2F68333E0D0A20202020202020203C2F78736C3A69663E0D0A09093C64697620636C6173733D22706F72746C65742D6261636B67726F756E642D636F6C6F7265642D636F6E74656E7422203E0D0A090920202020203C756C3E0D0A20202020202020202009202020202020203C78736C3A6170706C792D74656D706C617465732073656C6563743D22646F63756D656E742D6C6973742D706F72746C65742F646F63756D656E7422202F3E0D0A202020202020202020202020203C2F756C3E20200D0A09093C2F6469763E0D0A093C2F6469763E0D0A3C2F78736C3A74656D706C6174653E0D0A0D0A0D0A3C78736C3A74656D706C617465206D617463683D22646F63756D656E74223E2020202020200D0A3C78736C3A696620746573743D226E6F7428737472696E6728646F63756D656E742D786D6C2D636F6E74656E74293D276E756C6C2729223E0D0A202020203C6C693E0D0A20202020202020203C6120687265663D227B24736974652D706174687D3F646F63756D656E745F69643D7B646F63756D656E742D69647D26616D703B706F72746C65745F69643D7B24706F72746C65742D69647D22207461726765743D225F746F70223E2020202020200D0A202020202020202020202020203C78736C3A76616C75652D6F662073656C6563743D22646F63756D656E742D786D6C2D636F6E74656E742F766964656F2F766964656F2D7469746C6522202F3E2020200D0A202020202020203C2F613E0D0A202020202020203C6272202F3E0D0A202020202020202020203C78736C3A76616C75652D6F662073656C6563743D22646F63756D656E742D786D6C2D636F6E74656E742F766964656F2F766964656F2D66696C6522202F3E0D0A202020203C2F6C693E0D0A3C2F78736C3A69663E0D0A3C2F78736C3A74656D706C6174653E20202020202020202020202020200D0A0D0A0D0A3C2F78736C3A7374796C6573686565743E0D0A0D0A),
 (304,'Rubrique Liste de Documents - Type Image','portlet_document_image_list.xsl',0x3C3F786D6C2076657273696F6E3D22312E30223F3E0D0A3C78736C3A7374796C6573686565742076657273696F6E3D22312E302220786D6C6E733A78736C3D22687474703A2F2F7777772E77332E6F72672F313939392F58534C2F5472616E73666F726D223E0D0A0D0A3C78736C3A706172616D206E616D653D22736974652D70617468222073656C6563743D22736974652D7061746822202F3E0D0A3C78736C3A7661726961626C65206E616D653D22706F72746C65742D6964222073656C6563743D22706F72746C65742F706F72746C65742D696422202F3E0D0A0D0A3C78736C3A74656D706C617465206D617463683D22706F72746C6574223E0D0A093C64697620636C6173733D22706F72746C65742D6261636B67726F756E642D636F6C6F72656422203E0D0A20202020202020203C78736C3A696620746573743D226E6F7428737472696E6728646973706C61792D706F72746C65742D7469746C65293D27312729223E0D0A0909093C683320636C6173733D22706F72746C65742D6261636B67726F756E642D636F6C6F7265642D686561646572223E0D0A090909093C78736C3A76616C75652D6F662064697361626C652D6F75747075742D6573636170696E673D22796573222073656C6563743D22706F72746C65742D6E616D6522202F3E0D0A0909093C2F68333E0D0A20202020202020203C2F78736C3A69663E0D0A09093C64697620636C6173733D22706F72746C65742D6261636B67726F756E642D636F6C6F7265642D636F6E74656E7422203E0D0A090920202020203C756C3E20202020202020200D0A20202020202020202020202020202020203C78736C3A6170706C792D74656D706C617465732073656C6563743D22646F63756D656E742D6C6973742D706F72746C65742F646F63756D656E7422202F3E090D0A2020202020202020202020203C2F756C3E20200D0A09093C2F6469763E202020202020202020202020090D0A093C2F6469763E0D0A3C2F78736C3A74656D706C6174653E0D0A0D0A0D0A3C78736C3A74656D706C617465206D617463683D22646F63756D656E74223E2020202020200D0A202020203C6C69207374796C653D226C6973742D7374796C653A6E6F6E653B223E200D0A20202020202020203C78736C3A696620746573743D226E6F7428737472696E6728646F63756D656E742D786D6C2D636F6E74656E74293D276E756C6C2729223E0D0A2020202020202020202020203C6120687265663D227B24736974652D706174687D3F646F63756D656E745F69643D7B646F63756D656E742D69647D262333383B706F72746C65745F69643D7B24706F72746C65742D69647D22207461726765743D225F746F70223E2020202020200D0A202020202020202020202020202020203C78736C3A6170706C792D74656D706C617465732073656C6563743D22646F63756D656E742D786D6C2D636F6E74656E742F696D6167652F696D6167652D66696C652F66696C652D7265736F7572636522202F3E0D0A2020202020202020202020203C2F613E0D0A2020202020202020202020203C6272202F3E20202020202020202020200D0A202020202020202020202020202020203C78736C3A76616C75652D6F662064697361626C652D6F75747075742D6573636170696E673D22796573222073656C6563743D22646F63756D656E742D786D6C2D636F6E74656E742F696D6167652F696D6167652D6465736372697074696F6E22202F3E0D0A2020202020202020202020203C6272202F3E0D0A202020202020202020202020202020203C78736C3A76616C75652D6F662064697361626C652D6F75747075742D6573636170696E673D22796573222073656C6563743D22646F63756D656E742D786D6C2D636F6E74656E742F696D6167652F696D6167652D6372656469747322202F3E0D0A2020202020202020202020203C6272202F3E0D0A20202020202020203C2F78736C3A69663E0D0A202020203C2F6C693E20202020202020200D0A3C2F78736C3A74656D706C6174653E20202020202020202020202020200D0A090D0A0D0A3C78736C3A74656D706C617465206D617463683D2266696C652D7265736F75726365223E0D0A093C78736C3A63686F6F73653E0D0A09093C78736C3A7768656E20746573743D22287265736F757263652D636F6E74656E742D747970653D27696D6167652F6A70656727206F72207265736F757263652D636F6E74656E742D747970653D27696D6167652F6A706727206F7220207265736F757263652D636F6E74656E742D747970653D27696D6167652F706A70656727206F72207265736F757263652D636F6E74656E742D747970653D27696D6167652F67696627206F72207265736F757263652D636F6E74656E742D747970653D27696D6167652F706E67272922203E0D0A0909093C696D67207372633D22646F63756D656E743F69643D7B7265736F757263652D646F63756D656E742D69647D26616D703B69645F6174747269627574653D7B7265736F757263652D6174747269627574652D69647D2220616C743D222220626F726465723D2230222077696474683D2231323022206865696768743D22313230222F3E0D0A09093C2F78736C3A7768656E3E0D0A09093C78736C3A6F74686572776973653E0D0A202020202020202020202020203C6120687265663D22646F63756D656E743F69643D7B7265736F757263652D646F63756D656E742D69647D26616D703B69645F6174747269627574653D7B7265736F757263652D6174747269627574652D69647D223E200D0A0909092020203C696D67207372633D22696D616765732F61646D696E2F736B696E2F706C7567696E732F646F63756D656E742F66696C6574797065732F66696C652E706E672220626F726465723D22302220616C743D22222077696474683D2231323022206865696768743D22313230222F3E0D0A202020202020202020202020203C2F613E0D0A09093C2F78736C3A6F74686572776973653E20202020202020200D0A093C2F78736C3A63686F6F73653E0D0A3C2F78736C3A74656D706C6174653E0D0A0D0A3C2F78736C3A7374796C6573686565743E0D0A);
INSERT INTO `core_stylesheet` (`id_stylesheet`,`description`,`file_name`,`source`) VALUES 
 (305,'Rubrique Liste de Documents - Type Acteur Service','portlet_document_actor_list_service.xsl',0x3C3F786D6C2076657273696F6E3D22312E30223F3E0D0A3C78736C3A7374796C6573686565742076657273696F6E3D22312E302220786D6C6E733A78736C3D22687474703A2F2F7777772E77332E6F72672F313939392F58534C2F5472616E73666F726D223E0D0A0D0A3C78736C3A706172616D206E616D653D22736974652D70617468222073656C6563743D22736974652D7061746822202F3E0D0A3C78736C3A7661726961626C65206E616D653D22706F72746C65742D6964222073656C6563743D22706F72746C65742F706F72746C65742D696422202F3E0D0A09090D0A0D0A3C78736C3A74656D706C617465206D617463683D22706F72746C6574223E0D0A090D0A093C64697620636C6173733D22706F72746C65742D6261636B67726F756E642D636F6C6F72656422203E0D0A20202020202020203C78736C3A696620746573743D226E6F7428737472696E6728646973706C61792D706F72746C65742D7469746C65293D27312729223E0D0A0909093C683320636C6173733D22706F72746C65742D6261636B67726F756E642D636F6C6F7265642D686561646572223E0D0A090909093C78736C3A76616C75652D6F662064697361626C652D6F75747075742D6573636170696E673D22796573222073656C6563743D22706F72746C65742D6E616D6522202F3E0D0A0909093C2F68333E0D0A20202020202020203C2F78736C3A69663E0D0A20202020202020200D0A09093C64697620636C6173733D22706F72746C65742D6261636B67726F756E642D636F6C6F7265642D636F6E74656E7422203E0D0A0909090D0A0909093C73637269707420747970653D22746578742F6A617661736372697074223E0D0A090909093C215B43444154415B0D0A09090920202020202066756E6374696F6E20646973706C617949642862616C6973654964290D0A0909090920207B0D0A0909090920200D0A09090909202069662028646F63756D656E742E676574456C656D656E74427949642862616C69736549642920213D206E756C6C290D0A09090909202020207B0D0A090909092020202009646F63756D656E742E676574456C656D656E74427949642862616C6973654964292E7374796C652E7669736962696C6974793D2776697369626C65273B0D0A090909092020202009646F63756D656E742E676574456C656D656E74427949642862616C6973654964292E7374796C652E646973706C61793D27626C6F636B273B0D0A09090909202020207D0D0A0909090920207D0D0A090909090D0A0909090966756E6374696F6E206869646549642862616C6973654964290D0A0909090920207B0D0A0909090920200D0A09090909202069662028646F63756D656E742E676574456C656D656E74427949642862616C69736549642920213D206E756C6C290D0A09090909202020207B0D0A090909092020200909646F63756D656E742E676574456C656D656E74427949642862616C6973654964292E7374796C652E7669736962696C6974793D2768696464656E273B0D0A090909092020202009646F63756D656E742E676574456C656D656E74427949642862616C6973654964292E7374796C652E646973706C61793D276E6F6E65273B0D0A09090909202020207D0D0A0909090920207D0D0A0909090920200D0A0909090920205D5D3E0D0A0909202020093C2F7363726970743E0D0A0909090D0A0909093C756C3E090D0A0909093C212D2D20547269206C61206C69737465206427616374657572732070617220736572766963652064616E73206C276F7264726520616C70686162C3A97469717565202D2D3E0D0A0909093C78736C3A6170706C792D74656D706C617465732073656C6563743D22646F63756D656E742D6C6973742D706F72746C65742F646F63756D656E742F646F63756D656E742D786D6C2D636F6E74656E742F6163746F72223E0D0A0909202020202020203C78736C3A736F72742073656C6563743D226163746F722D7365727669636522206F726465723D22617363656E64696E67222F3E0D0A0909202020203C2F78736C3A6170706C792D74656D706C617465733E0D0A0909093C2F756C3E0D0A09093C2F6469763E202020202020202020202020090D0A093C2F6469763E0D0A3C2F78736C3A74656D706C6174653E0D0A0D0A0D0A3C78736C3A74656D706C617465206D617463683D226163746F72223E0D0A0D0A20202020203C78736C3A63616C6C2D74656D706C617465206E616D653D22736F727469654E6F65756473222F3E0D0A0D0A3C2F78736C3A74656D706C6174653E0D0A0D0A3C78736C3A74656D706C617465206E616D653D22736F727469654E6F65756473223E0D0A093C78736C3A7661726961626C65206E616D653D22696E646963654E6F657564222073656C6563743D22706F736974696F6E2829222F3E0D0A093C78736C3A7661726961626C65206E616D653D2263757272656E74223E3C78736C3A76616C75652D6F662073656C6563743D226163746F722D73657276696365222F3E3C2F78736C3A7661726961626C653E0D0A093C212D2D204F6E2072C3A9637570C3A87265206C65206E6F6575642073756976616E742064616E73206C61206C697374652064276163746F7220747269C3A965202D2D3E0D0A093C78736C3A7661726961626C65206E616D653D2273756976616E74223E0D0A09093C78736C3A696620746573743D226E6F7428706F736974696F6E28293D6C617374282929223E0D0A0909093C78736C3A63616C6C2D74656D706C617465206E616D653D226E6F65756453756976616E74223E0D0A090909093C78736C3A776974682D706172616D206E616D653D22696E646963654E6F65756453756976616E74222073656C6563743D2224696E646963654E6F657564202B2031222F3E0D0A0909093C2F78736C3A63616C6C2D74656D706C6174653E0D0A09093C2F78736C3A69663E0D0A093C2F78736C3A7661726961626C653E0D0A090D0A093C212D2D204F6E2072C3A9637570C3A87265206C65206E6F657564207072C3A963C3A964656E742064616E73206C61206C697374652064276163746F7220747269C3A965202D2D3E0D0A093C78736C3A7661726961626C65206E616D653D22707265636564656E74223E0D0A09093C78736C3A696620746573743D22706F736974696F6E282920213D2031223E0D0A0909093C78736C3A63616C6C2D74656D706C617465206E616D653D226E6F65756453756976616E74223E0D0A090909093C78736C3A776974682D706172616D206E616D653D22696E646963654E6F65756453756976616E74222073656C6563743D2224696E646963654E6F657564202D2031222F3E0D0A0909093C2F78736C3A63616C6C2D74656D706C6174653E0D0A09093C2F78736C3A69663E0D0A093C2F78736C3A7661726961626C653E0D0A090D0A093C212D2D206F6E2061666669636865206C652073657276696365206574206C2761637465757220202D2D3E0D0A093C78736C3A63616C6C2D74656D706C617465206E616D653D22646973706C6179223E0D0A0909093C78736C3A776974682D706172616D206E616D653D2263757272656E74222073656C6563743D222463757272656E74222F3E0D0A0909093C78736C3A776974682D706172616D206E616D653D22707265636564656E74222073656C6563743D2224707265636564656E74222F3E0D0A0909093C78736C3A776974682D706172616D206E616D653D2273756976616E74222073656C6563743D222473756976616E74222F3E0D0A09093C2F78736C3A63616C6C2D74656D706C6174653E0D0A090D0A3C2F78736C3A74656D706C6174653E0D0A20202020202020200D0A3C78736C3A74656D706C617465206E616D653D226E6F65756453756976616E74223E0D0A093C78736C3A706172616D206E616D653D22696E646963654E6F65756453756976616E74222073656C6563743D2230222F3E0D0A093C78736C3A666F722D656163682073656C6563743D222F706F72746C65742F646F63756D656E742D6C6973742D706F72746C65742F646F63756D656E742F646F63756D656E742D786D6C2D636F6E74656E742F6163746F72223E0D0A09093C78736C3A736F72742073656C6563743D226163746F722D7365727669636522206F726465723D22617363656E64696E67222F3E0D0A09093C78736C3A696620746573743D22706F736974696F6E28293D24696E646963654E6F65756453756976616E74223E0D0A0909093C78736C3A76616C75652D6F662073656C6563743D226163746F722D73657276696365222F3E0D0A09093C2F78736C3A69663E0D0A093C2F78736C3A666F722D656163683E0D0A3C2F78736C3A74656D706C6174653E200D0A0D0A3C78736C3A74656D706C617465206E616D653D22646973706C6179223E0D0A093C78736C3A706172616D206E616D653D2263757272656E74222F3E0D0A093C78736C3A706172616D206E616D653D22707265636564656E74222F3E0D0A093C78736C3A706172616D206E616D653D2273756976616E74222F3E0D0A090D0A0D0A093C78736C3A696620746573743D226E6F7428737472696E67282463757272656E7429203D20272729223E0D0A090D0A093C78736C3A63686F6F73653E0D0A09093C212D2D205369206C652073657276696365206E276120717527756E207365756C20616374657572202D2D3E0D0A0920203C78736C3A7768656E20746573743D22737472696E672824707265636564656E742920213D20737472696E67282463757272656E742920616E6420737472696E67282473756976616E742920213D20737472696E67282463757272656E7429223E0D0A09202020200D0A09202020203C6C69207374796C653D226C6973742D7374796C653A6E6F6E653B22206E616D653D22223E0D0A0909093C212D2D206F6E2061666669636865206C65207365727669636520202D2D3E0D0A0909093C68323E0D0A0920202020202020202020203C6120687265663D226A6176617363726970743A646973706C6179496428277B2463757272656E747D27293B223E3C696D67207372633D22696D616765732F61646D696E2F736B696E2F706C75732E6769662220616C743D22222F3E3C2F613E0D0A0920202020202020202020203C6120687265663D226A6176617363726970743A68696465496428277B2463757272656E747D27293B223E3C696D67207372633D22696D616765732F61646D696E2F736B696E2F6D696E75732E6769662220616C743D22222F3E3C2F613E0D0A0920202020202020202020203C78736C3A76616C75652D6F662064697361626C652D6F75747075742D6573636170696E673D22796573222073656C6563743D226163746F722D7365727669636522202F3E0D0A09202020202020203C2F68323E0D0A09202020202020200D0A09202020202020203C646976207374796C653D227669736962696C6974793A2068696464656E3B20646973706C61793A206E6F6E653B222069643D227B2463757272656E747D223E0D0A0920202020202020093C212D2D206F6E2061666669636865206C2761637465757220202D2D3E0D0A0920202020202020093C756C3E0D0A092020202020202009093C78736C3A63616C6C2D74656D706C617465206E616D653D226E616D656163746F72222F3E0D0A0920202020202020093C2F756C3E0D0A09202020202020200926233136303B0D0A09202020202020203C2F6469763E0D0A09093C2F6C693E0D0A0920203C2F78736C3A7768656E3E0D0A0920203C212D2D205369206C652073657276696365206120706C7573696575722061637465757220657420717565206C276F6E2065737420737572206C65207072656D69657220616374657572202D2D3E0D0A0920203C78736C3A7768656E20746573743D22737472696E672824707265636564656E742920213D20737472696E67282463757272656E742920616E6420737472696E67282473756976616E7429203D20737472696E67282463757272656E7429223E0D0A0909090D0A0909093C78736C3A746578742064697361626C652D6F75747075742D6573636170696E673D22796573223E266C743B3C2F78736C3A746578743E6C69207374796C653D226C6973742D7374796C653A6E6F6E653B22206E616D653D22223C78736C3A746578742064697361626C652D6F75747075742D6573636170696E673D2279657322203E2667743B3C2F78736C3A746578743E0D0A0920202020093C212D2D206F6E2061666669636865206C65207365727669636520202D2D3E0D0A0909093C68323E0D0A0920202020202020202020203C6120687265663D226A6176617363726970743A646973706C6179496428277B2463757272656E747D27293B223E3C696D67207372633D22696D616765732F61646D696E2F736B696E2F706C75732E6769662220616C743D22222F3E3C2F613E0D0A0920202020202020202020203C6120687265663D226A6176617363726970743A68696465496428277B2463757272656E747D27293B223E3C696D67207372633D22696D616765732F61646D696E2F736B696E2F6D696E75732E6769662220616C743D22222F3E3C2F613E0D0A09202020202020202020200D0A0920202020202020202020203C78736C3A76616C75652D6F662064697361626C652D6F75747075742D6573636170696E673D22796573222073656C6563743D226163746F722D7365727669636522202F3E0D0A0920202020202020203C2F68323E0D0A0920202020202020203C212D2D204F6E206F75767265206C61206C697374652064276163746575722064752073657276696365202D2D3E0D0A0920202020202020203C78736C3A74657874202064697361626C652D6F75747075742D6573636170696E673D2279657322203E266C743B3C2F78736C3A746578743E646976207374796C653D227669736962696C6974793A2068696464656E3B20646973706C61793A206E6F6E653B222069643D223C78736C3A76616C75652D6F662073656C6563743D222463757272656E74222F3E223C78736C3A74657874202064697361626C652D6F75747075742D6573636170696E673D2279657322203E2667743B3C2F78736C3A746578743E0D0A092020202020202009093C78736C3A74657874202064697361626C652D6F75747075742D6573636170696E673D2279657322203E266C743B3C2F78736C3A746578743E756C3C78736C3A74657874202064697361626C652D6F75747075742D6573636170696E673D2279657322203E2667743B3C2F78736C3A746578743E0D0A09092020202020202009093C212D2D206F6E2061666669636865206C65206C2761637465757220202D2D3E0D0A09092020202020202009093C78736C3A63616C6C2D74656D706C617465206E616D653D226E616D656163746F72222F3E0D0A092020202020202009090D0A0909090D0A0920203C2F78736C3A7768656E3E0D0A0920203C212D2D205369206C652073657276696365206120706C7573696575722061637465757220657420717565206C276F6E2065737420737572206C65206465726E69657220616374657572202D2D3E0D0A0920203C78736C3A7768656E20746573743D22737472696E672824707265636564656E7429203D20737472696E67282463757272656E742920616E6420737472696E67282473756976616E742920213D20737472696E67282463757272656E7429223E0D0A0920200909090D0A0920200909093C212D2D206F6E2061666669636865206C2761637465757220202D2D3E0D0A0920200909093C78736C3A63616C6C2D74656D706C617465206E616D653D226E616D656163746F72222F3E0D0A09202009093C212D2D204F6E206665726D65206C61206C697374652064276163746575722064752073657276696365202D2D3E0D0A09202009093C78736C3A74657874202064697361626C652D6F75747075742D6573636170696E673D2279657322203E266C743B3C2F78736C3A746578743E2F756C3C78736C3A74657874202064697361626C652D6F75747075742D6573636170696E673D2279657322203E2667743B3C2F78736C3A746578743E0D0A09090926233136303B0D0A0909093C78736C3A74657874202064697361626C652D6F75747075742D6573636170696E673D2279657322203E266C743B3C2F78736C3A746578743E2F6469763C78736C3A74657874202064697361626C652D6F75747075742D6573636170696E673D2279657322203E2667743B3C2F78736C3A746578743E0D0A09093C78736C3A74657874202064697361626C652D6F75747075742D6573636170696E673D2279657322203E266C743B3C2F78736C3A746578743E2F6C693C78736C3A74657874202064697361626C652D6F75747075742D6573636170696E673D2279657322203E2667743B3C2F78736C3A746578743E0D0A0920203C2F78736C3A7768656E3E0D0A0920203C212D2D205369206C652073657276696365206120706C7573696575722061637465757220657420717565206C276F6E206573742073757220756E2061637465757220656E206D696C6C696575206465206C69737465202D2D3E0D0A0920203C78736C3A7768656E20746573743D22737472696E672824707265636564656E7429203D20737472696E67282463757272656E742920616E6420737472696E67282473756976616E7429203D20737472696E67282463757272656E7429223E0D0A090909093C212D2D206F6E2061666669636865206C2761637465757220202D2D3E0D0A092020202020202009093C78736C3A63616C6C2D74656D706C617465206E616D653D226E616D656163746F72222F3E0D0A0D0A0920203C2F78736C3A7768656E3E0D0A0920203C78736C3A6F74686572776973653E0D0A0920200D0A0920203C2F78736C3A6F74686572776973653E0D0A093C2F78736C3A63686F6F73653E0D0A093C2F78736C3A69663E0D0A3C2F78736C3A74656D706C6174653E0D0A0D0A3C212D2D2061666669636865206C65206E6F6D206574206C65207072C3A96E6F6D206465206C27616374657572202D2D3E0D0A3C78736C3A74656D706C617465206E616D653D226E616D656163746F72223E0D0A0D0A09093C6C69207374796C653D226C6973742D7374796C653A6E6F6E653B223E0D0A2020202020202009093C78736C3A7661726961626C65206E616D653D22646F63756D656E742D6964222073656C6563743D226163746F722D70686F746F2F66696C652D7265736F757263652F7265736F757263652D646F63756D656E742D6964222F3E0D0A2020202020202009093C696D67207372633D22696D616765732F61646D696E2F736B696E2F7371756172652E6769662220616C743D22222F3E0D0A0909093C6120687265663D227B24736974652D706174687D3F646F63756D656E745F69643D7B24646F63756D656E742D69647D262333383B706F72746C65745F69643D7B24706F72746C65742D69647D22207461726765743D225F746F70223E2020202020200D0A090909093C78736C3A76616C75652D6F662064697361626C652D6F75747075742D6573636170696E673D22796573222073656C6563743D226163746F722D66697273746E616D6522202F3E0D0A0909090926233136303B0D0A090909093C78736C3A76616C75652D6F662064697361626C652D6F75747075742D6573636170696E673D22796573222073656C6563743D226163746F722D6C6173746E616D6522202F3E0D0A0909093C2F613E0D0A09093C2F6C693E0D0A0D0A3C2F78736C3A74656D706C6174653E0D0A20202020202020200D0A3C2F78736C3A7374796C6573686565743E200D0A);


/*!40000 ALTER TABLE `core_stylesheet` ENABLE KEYS */;



--
-- Dumping data for table `core_user_right`
--

/*!40000 ALTER TABLE `core_user_right` DISABLE KEYS */;
INSERT INTO `core_user_right` (`id_right`,`id_user`) VALUES 
 ('DOCUMENT_MANAGEMENT',2),
 ('DOCUMENT_MANAGEMENT',3),
 ('DOCUMENT_MANAGEMENT',4),
 ('DOCUMENT_MANAGEMENT',5),
 ('DOCUMENT_MANAGEMENT',6),
 ('DOCUMENT_RULES_MANAGEMENT',1),
 ('DOCUMENT_RULES_MANAGEMENT',2),
 ('DOCUMENT_TYPES_MANAGEMENT',5),
 ('DOCUMENT_CATEGORY_MANAGEMENT',2);
/*!40000 ALTER TABLE `core_user_right` ENABLE KEYS */;


--
-- Dumping data for table `core_user_role`
--

/*!40000 ALTER TABLE `core_user_role` DISABLE KEYS */;
INSERT INTO `core_user_role` (`role_key`,`id_user`) VALUES 
 ('comment',2),
 ('content_contributor',1),
 ('content_contributor',2),
 ('content_contributor',3),
 ('content_publisher',1),
 ('content_publisher',2),
 ('content_validator',1),
 ('content_validator',2),
 ('manage_spaces',1),
 ('manage_spaces',2),
 ('manage_spaces',5),
 ('view_space_validation',4),
 ('view_space_work',3),
 ('view_spaces_all',1),
 ('view_spaces_all',2);
/*!40000 ALTER TABLE `core_user_role` ENABLE KEYS */;

